^picklistId;OptionId;minValue;maxValue;value;status;external_code;parentOptionId;en_US;zh_CN;en_GB;tr_TR;en_DEBUG;pt_BR;es_ES;fr_FR;ar_SA
9box;449;-1.0;-1.0;-1.0;ACTIVE;;-1;1;;;;1;1;;;
9box;450;-1.0;-1.0;-1.0;ACTIVE;;-1;2;;;;2;2;;;
9box;451;-1.0;-1.0;-1.0;ACTIVE;;-1;3;;;;3;3;;;
9box;452;-1.0;-1.0;-1.0;ACTIVE;null;-1;4;;;;4;4;;;
9box;453;-1.0;-1.0;-1.0;ACTIVE;null;-1;5;;;;5;5;;;
9box;454;-1.0;-1.0;-1.0;ACTIVE;null;-1;6;;;;6;6;;;
9box;455;-1.0;-1.0;-1.0;ACTIVE;null;-1;7;;;;7;7;;;
9box;456;-1.0;-1.0;-1.0;ACTIVE;null;-1;8;;;;8;8;;;
9box;457;-1.0;-1.0;-1.0;ACTIVE;;-1;9;;;;9;9;;;
ISOCountryList;41;-1.0;-1.0;-1.0;ACTIVE;AFG;-1;Afghanistan;;;;;;;;
ISOCountryList;42;-1.0;-1.0;-1.0;ACTIVE;ALB;-1;Albania;;;;;;;;
ISOCountryList;43;-1.0;-1.0;-1.0;ACTIVE;DZA;-1;Algeria;;;;;;;;
ISOCountryList;44;-1.0;-1.0;-1.0;ACTIVE;ASM;-1;American Samoa;;;;;;;;
ISOCountryList;45;-1.0;-1.0;-1.0;ACTIVE;AND;-1;Andorra;;;;;;;;
ISOCountryList;46;-1.0;-1.0;-1.0;ACTIVE;AGO;-1;Angola;;;;;;;;
ISOCountryList;47;-1.0;-1.0;-1.0;ACTIVE;AIA;-1;Anguilla;;;;;;;;
ISOCountryList;48;-1.0;-1.0;-1.0;ACTIVE;ATA;-1;Antarctica;;;;;;;;
ISOCountryList;49;-1.0;-1.0;-1.0;ACTIVE;ATG;-1;Antigua and Barbuda;;;;;;;;
ISOCountryList;50;-1.0;-1.0;-1.0;ACTIVE;ARG;-1;Argentina;;;;;;;;
ISOCountryList;51;-1.0;-1.0;-1.0;ACTIVE;ARM;-1;Armenia;;;;;;;;
ISOCountryList;52;-1.0;-1.0;-1.0;ACTIVE;ABW;-1;Aruba;;;;;;;;
ISOCountryList;53;-1.0;-1.0;-1.0;ACTIVE;AUS;-1;Australia;;;;;;;;
ISOCountryList;54;-1.0;-1.0;-1.0;ACTIVE;AUT;-1;Austria;;;;;;;;
ISOCountryList;55;-1.0;-1.0;-1.0;ACTIVE;AZE;-1;Azerbaijan;;;;;;;;
ISOCountryList;56;-1.0;-1.0;-1.0;ACTIVE;BHS;-1;Bahamas;;;;;;;;
ISOCountryList;57;-1.0;-1.0;-1.0;ACTIVE;BHR;-1;Bahrain;;;;;;;;
ISOCountryList;58;-1.0;-1.0;-1.0;ACTIVE;BGD;-1;Bangladesh;;;;;;;;
ISOCountryList;59;-1.0;-1.0;-1.0;ACTIVE;BRB;-1;Barbados;;;;;;;;
ISOCountryList;60;-1.0;-1.0;-1.0;ACTIVE;BLR;-1;Belarus;;;;;;;;
ISOCountryList;61;-1.0;-1.0;-1.0;ACTIVE;BEL;-1;Belgium;;;;;;;;
ISOCountryList;62;-1.0;-1.0;-1.0;ACTIVE;BLZ;-1;Belize;;;;;;;;
ISOCountryList;63;-1.0;-1.0;-1.0;ACTIVE;BEN;-1;Benin;;;;;;;;
ISOCountryList;64;-1.0;-1.0;-1.0;ACTIVE;BMU;-1;Bermuda;;;;;;;;
ISOCountryList;65;-1.0;-1.0;-1.0;ACTIVE;BTN;-1;Bhutan;;;;;;;;
ISOCountryList;66;-1.0;-1.0;-1.0;ACTIVE;BOL;-1;Bolivia, Plurinational State of;;;;;;;;
ISOCountryList;67;-1.0;-1.0;-1.0;ACTIVE;BIH;-1;Bosnia and Herzegovina;;;;;;;;
ISOCountryList;68;-1.0;-1.0;-1.0;ACTIVE;BWA;-1;Botswana;;;;;;;;
ISOCountryList;69;-1.0;-1.0;-1.0;ACTIVE;BVT;-1;Bouvet Island;;;;;;;;
ISOCountryList;70;-1.0;-1.0;-1.0;ACTIVE;BRA;-1;Brazil;;;;;;;;
ISOCountryList;71;-1.0;-1.0;-1.0;ACTIVE;IOT;-1;British Indian Ocean Territory;;;;;;;;
ISOCountryList;72;-1.0;-1.0;-1.0;ACTIVE;BRN;-1;Brunei Darussalam;;;;;;;;
ISOCountryList;73;-1.0;-1.0;-1.0;ACTIVE;BGR;-1;Bulgaria;;;;;;;;
ISOCountryList;74;-1.0;-1.0;-1.0;ACTIVE;BFA;-1;Burkina Faso;;;;;;;;
ISOCountryList;75;-1.0;-1.0;-1.0;ACTIVE;BDI;-1;Burundi;;;;;;;;
ISOCountryList;76;-1.0;-1.0;-1.0;ACTIVE;KHM;-1;Cambodia;;;;;;;;
ISOCountryList;77;-1.0;-1.0;-1.0;ACTIVE;CMR;-1;Cameroon;;;;;;;;
ISOCountryList;78;-1.0;-1.0;-1.0;ACTIVE;CAN;-1;Canada;;;;;;;;
ISOCountryList;79;-1.0;-1.0;-1.0;ACTIVE;CPV;-1;Cape Verde;;;;;;;;
ISOCountryList;80;-1.0;-1.0;-1.0;ACTIVE;CYM;-1;Cayman Islands;;;;;;;;
ISOCountryList;81;-1.0;-1.0;-1.0;ACTIVE;CAF;-1;Central African Republic;;;;;;;;
ISOCountryList;82;-1.0;-1.0;-1.0;ACTIVE;TCD;-1;Chad;;;;;;;;
ISOCountryList;83;-1.0;-1.0;-1.0;ACTIVE;CHL;-1;Chile;;;;;;;;
ISOCountryList;84;-1.0;-1.0;-1.0;ACTIVE;CHN;-1;China;;;;;;;;
ISOCountryList;85;-1.0;-1.0;-1.0;ACTIVE;CXR;-1;Christmas Island;;;;;;;;
ISOCountryList;86;-1.0;-1.0;-1.0;ACTIVE;CCK;-1;Cocos (Keeling) Islands;;;;;;;;
ISOCountryList;87;-1.0;-1.0;-1.0;ACTIVE;COL;-1;Colombia;;;;;;;;
ISOCountryList;88;-1.0;-1.0;-1.0;ACTIVE;COM;-1;Comoros;;;;;;;;
ISOCountryList;89;-1.0;-1.0;-1.0;ACTIVE;COG;-1;Congo;;;;;;;;
ISOCountryList;90;-1.0;-1.0;-1.0;ACTIVE;COD;-1;Congo, the Democratic Republic of the;;;;;;;;
ISOCountryList;91;-1.0;-1.0;-1.0;ACTIVE;COK;-1;Cook Islands;;;;;;;;
ISOCountryList;92;-1.0;-1.0;-1.0;ACTIVE;CRI;-1;Costa Rica;;;;;;;;
ISOCountryList;93;-1.0;-1.0;-1.0;ACTIVE;HRV;-1;Croatia;;;;;;;;
ISOCountryList;94;-1.0;-1.0;-1.0;ACTIVE;CUB;-1;Cuba;;;;;;;;
ISOCountryList;95;-1.0;-1.0;-1.0;ACTIVE;CYP;-1;Cyprus;;;;;;;;
ISOCountryList;96;-1.0;-1.0;-1.0;ACTIVE;CZE;-1;Czech Republic;;;;;;;;
ISOCountryList;97;-1.0;-1.0;-1.0;ACTIVE;CIV;-1;Côte d'Ivoire;;;;;;;;
ISOCountryList;98;-1.0;-1.0;-1.0;ACTIVE;DNK;-1;Denmark;;;;;;;;
ISOCountryList;99;-1.0;-1.0;-1.0;ACTIVE;DJI;-1;Djibouti;;;;;;;;
ISOCountryList;100;-1.0;-1.0;-1.0;ACTIVE;DMA;-1;Dominica;;;;;;;;
ISOCountryList;101;-1.0;-1.0;-1.0;ACTIVE;DOM;-1;Dominican Republic;;;;;;;;
ISOCountryList;102;-1.0;-1.0;-1.0;ACTIVE;ECU;-1;Ecuador;;;;;;;;
ISOCountryList;103;-1.0;-1.0;-1.0;ACTIVE;EGY;-1;Egypt;;;;;;;;
ISOCountryList;104;-1.0;-1.0;-1.0;ACTIVE;SLV;-1;El Salvador;;;;;;;;
ISOCountryList;105;-1.0;-1.0;-1.0;ACTIVE;GNQ;-1;Equatorial Guinea;;;;;;;;
ISOCountryList;106;-1.0;-1.0;-1.0;ACTIVE;ERI;-1;Eritrea;;;;;;;;
ISOCountryList;107;-1.0;-1.0;-1.0;ACTIVE;EST;-1;Estonia;;;;;;;;
ISOCountryList;108;-1.0;-1.0;-1.0;ACTIVE;ETH;-1;Ethiopia;;;;;;;;
ISOCountryList;109;-1.0;-1.0;-1.0;ACTIVE;FLK;-1;Falkland Islands (Malvinas);;;;;;;;
ISOCountryList;110;-1.0;-1.0;-1.0;ACTIVE;FRO;-1;Faroe Islands;;;;;;;;
ISOCountryList;111;-1.0;-1.0;-1.0;ACTIVE;FJI;-1;Fiji;;;;;;;;
ISOCountryList;112;-1.0;-1.0;-1.0;ACTIVE;FIN;-1;Finland;;;;;;;;
ISOCountryList;113;-1.0;-1.0;-1.0;ACTIVE;FRA;-1;France;;;;;;;;
ISOCountryList;114;-1.0;-1.0;-1.0;ACTIVE;GUF;-1;French Guiana;;;;;;;;
ISOCountryList;115;-1.0;-1.0;-1.0;ACTIVE;PYF;-1;French Polynesia;;;;;;;;
ISOCountryList;116;-1.0;-1.0;-1.0;ACTIVE;ATF;-1;French Southern Territories;;;;;;;;
ISOCountryList;117;-1.0;-1.0;-1.0;ACTIVE;GAB;-1;Gabon;;;;;;;;
ISOCountryList;118;-1.0;-1.0;-1.0;ACTIVE;GMB;-1;Gambia;;;;;;;;
ISOCountryList;119;-1.0;-1.0;-1.0;ACTIVE;GEO;-1;Georgia;;;;;;;;
ISOCountryList;120;-1.0;-1.0;-1.0;ACTIVE;DEU;-1;Germany;;;;;;;;
ISOCountryList;121;-1.0;-1.0;-1.0;ACTIVE;GHA;-1;Ghana;;;;;;;;
ISOCountryList;122;-1.0;-1.0;-1.0;ACTIVE;GIB;-1;Gibraltar;;;;;;;;
ISOCountryList;123;-1.0;-1.0;-1.0;ACTIVE;GRC;-1;Greece;;;;;;;;
ISOCountryList;124;-1.0;-1.0;-1.0;ACTIVE;GRL;-1;Greenland;;;;;;;;
ISOCountryList;125;-1.0;-1.0;-1.0;ACTIVE;GRD;-1;Grenada;;;;;;;;
ISOCountryList;126;-1.0;-1.0;-1.0;ACTIVE;GLP;-1;Guadeloupe;;;;;;;;
ISOCountryList;127;-1.0;-1.0;-1.0;ACTIVE;GUM;-1;Guam;;;;;;;;
ISOCountryList;128;-1.0;-1.0;-1.0;ACTIVE;GTM;-1;Guatemala;;;;;;;;
ISOCountryList;129;-1.0;-1.0;-1.0;ACTIVE;GGY;-1;Guernsey;;;;;;;;
ISOCountryList;130;-1.0;-1.0;-1.0;ACTIVE;GIN;-1;Guinea;;;;;;;;
ISOCountryList;131;-1.0;-1.0;-1.0;ACTIVE;GNB;-1;Guinea-Bissau;;;;;;;;
ISOCountryList;132;-1.0;-1.0;-1.0;ACTIVE;GUY;-1;Guyana;;;;;;;;
ISOCountryList;133;-1.0;-1.0;-1.0;ACTIVE;HTI;-1;Haiti;;;;;;;;
ISOCountryList;134;-1.0;-1.0;-1.0;ACTIVE;HMD;-1;Heard Island and McDonald Islands;;;;;;;;
ISOCountryList;135;-1.0;-1.0;-1.0;ACTIVE;VAT;-1;Holy See (Vatican City State);;;;;;;;
ISOCountryList;136;-1.0;-1.0;-1.0;ACTIVE;HND;-1;Honduras;;;;;;;;
ISOCountryList;137;-1.0;-1.0;-1.0;ACTIVE;HKG;-1;Hong Kong;;;;;;;;
ISOCountryList;138;-1.0;-1.0;-1.0;ACTIVE;HUN;-1;Hungary;;;;;;;;
ISOCountryList;139;-1.0;-1.0;-1.0;ACTIVE;ISL;-1;Iceland;;;;;;;;
ISOCountryList;140;-1.0;-1.0;-1.0;ACTIVE;IND;-1;India;;;;;;;;
ISOCountryList;141;-1.0;-1.0;-1.0;ACTIVE;IDN;-1;Indonesia;;;;;;;;
ISOCountryList;142;-1.0;-1.0;-1.0;ACTIVE;IRN;-1;Iran, Islamic Republic of;;;;;;;;
ISOCountryList;143;-1.0;-1.0;-1.0;ACTIVE;IRQ;-1;Iraq;;;;;;;;
ISOCountryList;144;-1.0;-1.0;-1.0;ACTIVE;IRL;-1;Ireland;;;;;;;;
ISOCountryList;145;-1.0;-1.0;-1.0;ACTIVE;IMN;-1;Isle of Man;;;;;;;;
ISOCountryList;146;-1.0;-1.0;-1.0;ACTIVE;ISR;-1;Israel;;;;;;;;
ISOCountryList;147;-1.0;-1.0;-1.0;ACTIVE;ITA;-1;Italy;;;;;;;;
ISOCountryList;148;-1.0;-1.0;-1.0;ACTIVE;JAM;-1;Jamaica;;;;;;;;
ISOCountryList;149;-1.0;-1.0;-1.0;ACTIVE;JPN;-1;Japan;;;;;;;;
ISOCountryList;150;-1.0;-1.0;-1.0;ACTIVE;JEY;-1;Jersey;;;;;;;;
ISOCountryList;151;-1.0;-1.0;-1.0;ACTIVE;JOR;-1;Jordan;;;;;;;;
ISOCountryList;152;-1.0;-1.0;-1.0;ACTIVE;KAZ;-1;Kazakhstan;;;;;;;;
ISOCountryList;153;-1.0;-1.0;-1.0;ACTIVE;KEN;-1;Kenya;;;;;;;;
ISOCountryList;154;-1.0;-1.0;-1.0;ACTIVE;KIR;-1;Kiribati;;;;;;;;
ISOCountryList;155;-1.0;-1.0;-1.0;ACTIVE;PRK;-1;Korea, Democratic People's Republic of;;;;;;;;
ISOCountryList;156;-1.0;-1.0;-1.0;ACTIVE;KOR;-1;Korea, Republic of;;;;;;;;
ISOCountryList;157;-1.0;-1.0;-1.0;ACTIVE;KWT;-1;Kuwait;;;;;;;;
ISOCountryList;158;-1.0;-1.0;-1.0;ACTIVE;KGZ;-1;Kyrgyzstan;;;;;;;;
ISOCountryList;159;-1.0;-1.0;-1.0;ACTIVE;LAO;-1;Lao People's Democratic Republic;;;;;;;;
ISOCountryList;160;-1.0;-1.0;-1.0;ACTIVE;LVA;-1;Latvia;;;;;;;;
ISOCountryList;161;-1.0;-1.0;-1.0;ACTIVE;LBN;-1;Lebanon;;;;;;;;
ISOCountryList;162;-1.0;-1.0;-1.0;ACTIVE;LSO;-1;Lesotho;;;;;;;;
ISOCountryList;163;-1.0;-1.0;-1.0;ACTIVE;LBR;-1;Liberia;;;;;;;;
ISOCountryList;164;-1.0;-1.0;-1.0;ACTIVE;LBY;-1;Libyan Arab Jamahiriya;;;;;;;;
ISOCountryList;165;-1.0;-1.0;-1.0;ACTIVE;LIE;-1;Liechtenstein;;;;;;;;
ISOCountryList;166;-1.0;-1.0;-1.0;ACTIVE;LTU;-1;Lithuania;;;;;;;;
ISOCountryList;167;-1.0;-1.0;-1.0;ACTIVE;LUX;-1;Luxembourg;;;;;;;;
ISOCountryList;168;-1.0;-1.0;-1.0;ACTIVE;MAC;-1;Macao;;;;;;;;
ISOCountryList;169;-1.0;-1.0;-1.0;ACTIVE;MKD;-1;Macedonia, the former Yugoslav Republic of;;;;;;;;
ISOCountryList;170;-1.0;-1.0;-1.0;ACTIVE;MDG;-1;Madagascar;;;;;;;;
ISOCountryList;171;-1.0;-1.0;-1.0;ACTIVE;MWI;-1;Malawi;;;;;;;;
ISOCountryList;172;-1.0;-1.0;-1.0;ACTIVE;MYS;-1;Malaysia;;;;;;;;
ISOCountryList;173;-1.0;-1.0;-1.0;ACTIVE;MDV;-1;Maldives;;;;;;;;
ISOCountryList;174;-1.0;-1.0;-1.0;ACTIVE;MLI;-1;Mali;;;;;;;;
ISOCountryList;175;-1.0;-1.0;-1.0;ACTIVE;MLT;-1;Malta;;;;;;;;
ISOCountryList;176;-1.0;-1.0;-1.0;ACTIVE;MHL;-1;Marshall Islands;;;;;;;;
ISOCountryList;177;-1.0;-1.0;-1.0;ACTIVE;MTQ;-1;Martinique;;;;;;;;
ISOCountryList;178;-1.0;-1.0;-1.0;ACTIVE;MRT;-1;Mauritania;;;;;;;;
ISOCountryList;179;-1.0;-1.0;-1.0;ACTIVE;MUS;-1;Mauritius;;;;;;;;
ISOCountryList;180;-1.0;-1.0;-1.0;ACTIVE;MYT;-1;Mayotte;;;;;;;;
ISOCountryList;181;-1.0;-1.0;-1.0;ACTIVE;MEX;-1;Mexico;;;;;;;;
ISOCountryList;182;-1.0;-1.0;-1.0;ACTIVE;FSM;-1;Micronesia, Federated States of;;;;;;;;
ISOCountryList;183;-1.0;-1.0;-1.0;ACTIVE;MDA;-1;Moldova, Republic of;;;;;;;;
ISOCountryList;184;-1.0;-1.0;-1.0;ACTIVE;MCO;-1;Monaco;;;;;;;;
ISOCountryList;185;-1.0;-1.0;-1.0;ACTIVE;MNG;-1;Mongolia;;;;;;;;
ISOCountryList;186;-1.0;-1.0;-1.0;ACTIVE;MNE;-1;Montenegro;;;;;;;;
ISOCountryList;187;-1.0;-1.0;-1.0;ACTIVE;MSR;-1;Montserrat;;;;;;;;
ISOCountryList;188;-1.0;-1.0;-1.0;ACTIVE;MAR;-1;Morocco;;;;;;;;
ISOCountryList;189;-1.0;-1.0;-1.0;ACTIVE;MOZ;-1;Mozambique;;;;;;;;
ISOCountryList;190;-1.0;-1.0;-1.0;ACTIVE;MMR;-1;Myanmar;;;;;;;;
ISOCountryList;191;-1.0;-1.0;-1.0;ACTIVE;NAM;-1;Namibia;;;;;;;;
ISOCountryList;192;-1.0;-1.0;-1.0;ACTIVE;NRU;-1;Nauru;;;;;;;;
ISOCountryList;193;-1.0;-1.0;-1.0;ACTIVE;NPL;-1;Nepal;;;;;;;;
ISOCountryList;194;-1.0;-1.0;-1.0;ACTIVE;NLD;-1;Netherlands;;;;;;;;
ISOCountryList;195;-1.0;-1.0;-1.0;ACTIVE;ANT;-1;Netherlands Antilles;;;;;;;;
ISOCountryList;196;-1.0;-1.0;-1.0;ACTIVE;NCL;-1;New Caledonia;;;;;;;;
ISOCountryList;197;-1.0;-1.0;-1.0;ACTIVE;NZL;-1;New Zealand;;;;;;;;
ISOCountryList;198;-1.0;-1.0;-1.0;ACTIVE;NIC;-1;Nicaragua;;;;;;;;
ISOCountryList;199;-1.0;-1.0;-1.0;ACTIVE;NER;-1;Niger;;;;;;;;
ISOCountryList;200;-1.0;-1.0;-1.0;ACTIVE;NGA;-1;Nigeria;;;;;;;;
ISOCountryList;201;-1.0;-1.0;-1.0;ACTIVE;NIU;-1;Niue;;;;;;;;
ISOCountryList;202;-1.0;-1.0;-1.0;ACTIVE;NFK;-1;Norfolk Island;;;;;;;;
ISOCountryList;203;-1.0;-1.0;-1.0;ACTIVE;MNP;-1;Northern Mariana Islands;;;;;;;;
ISOCountryList;204;-1.0;-1.0;-1.0;ACTIVE;NOR;-1;Norway;;;;;;;;
ISOCountryList;205;-1.0;-1.0;-1.0;ACTIVE;OMN;-1;Oman;;;;;;;;
ISOCountryList;206;-1.0;-1.0;-1.0;ACTIVE;PAK;-1;Pakistan;;;;;;;;
ISOCountryList;207;-1.0;-1.0;-1.0;ACTIVE;PLW;-1;Palau;;;;;;;;
ISOCountryList;208;-1.0;-1.0;-1.0;ACTIVE;PSE;-1;Palestinian Territory, Occupied;;;;;;;;
ISOCountryList;209;-1.0;-1.0;-1.0;ACTIVE;PAN;-1;Panama;;;;;;;;
ISOCountryList;210;-1.0;-1.0;-1.0;ACTIVE;PNG;-1;Papua New Guinea;;;;;;;;
ISOCountryList;211;-1.0;-1.0;-1.0;ACTIVE;PRY;-1;Paraguay;;;;;;;;
ISOCountryList;212;-1.0;-1.0;-1.0;ACTIVE;PER;-1;Peru;;;;;;;;
ISOCountryList;213;-1.0;-1.0;-1.0;ACTIVE;PHL;-1;Philippines;;;;;;;;
ISOCountryList;214;-1.0;-1.0;-1.0;ACTIVE;PCN;-1;Pitcairn;;;;;;;;
ISOCountryList;215;-1.0;-1.0;-1.0;ACTIVE;POL;-1;Poland;;;;;;;;
ISOCountryList;216;-1.0;-1.0;-1.0;ACTIVE;PRT;-1;Portugal;;;;;;;;
ISOCountryList;217;-1.0;-1.0;-1.0;ACTIVE;PRI;-1;Puerto Rico;;;;;;;;
ISOCountryList;218;-1.0;-1.0;-1.0;ACTIVE;QAT;-1;Qatar;;;;;;;;
ISOCountryList;219;-1.0;-1.0;-1.0;ACTIVE;ROU;-1;Romania;;;;;;;;
ISOCountryList;220;-1.0;-1.0;-1.0;ACTIVE;RUS;-1;Russian Federation;;;;;;;;
ISOCountryList;221;-1.0;-1.0;-1.0;ACTIVE;RWA;-1;Rwanda;;;;;;;;
ISOCountryList;222;-1.0;-1.0;-1.0;ACTIVE;REU;-1;Réunion;;;;;;;;
ISOCountryList;223;-1.0;-1.0;-1.0;ACTIVE;BLM;-1;Saint Barthélemy;;;;;;;;
ISOCountryList;224;-1.0;-1.0;-1.0;ACTIVE;SHN;-1;Saint Helena, Ascension and Tristan da Cunha;;;;;;;;
ISOCountryList;225;-1.0;-1.0;-1.0;ACTIVE;KNA;-1;Saint Kitts and Nevis;;;;;;;;
ISOCountryList;226;-1.0;-1.0;-1.0;ACTIVE;LCA;-1;Saint Lucia;;;;;;;;
ISOCountryList;227;-1.0;-1.0;-1.0;ACTIVE;MAF;-1;Saint Martin (French part);;;;;;;;
ISOCountryList;228;-1.0;-1.0;-1.0;ACTIVE;SPM;-1;Saint Pierre and Miquelon;;;;;;;;
ISOCountryList;229;-1.0;-1.0;-1.0;ACTIVE;VCT;-1;Saint Vincent and the Grenadines;;;;;;;;
ISOCountryList;230;-1.0;-1.0;-1.0;ACTIVE;WSM;-1;Samoa;;;;;;;;
ISOCountryList;231;-1.0;-1.0;-1.0;ACTIVE;SMR;-1;San Marino;;;;;;;;
ISOCountryList;232;-1.0;-1.0;-1.0;ACTIVE;STP;-1;Sao Tome and Principe;;;;;;;;
ISOCountryList;233;-1.0;-1.0;-1.0;ACTIVE;SAU;-1;Saudi Arabia;;;;;;;;
ISOCountryList;234;-1.0;-1.0;-1.0;ACTIVE;SEN;-1;Senegal;;;;;;;;
ISOCountryList;235;-1.0;-1.0;-1.0;ACTIVE;SRB;-1;Serbia;;;;;;;;
ISOCountryList;236;-1.0;-1.0;-1.0;ACTIVE;SYC;-1;Seychelles;;;;;;;;
ISOCountryList;237;-1.0;-1.0;-1.0;ACTIVE;SLE;-1;Sierra Leone;;;;;;;;
ISOCountryList;238;-1.0;-1.0;-1.0;ACTIVE;SGP;-1;Singapore;;;;;;;;
ISOCountryList;239;-1.0;-1.0;-1.0;ACTIVE;SVK;-1;Slovakia;;;;;;;;
ISOCountryList;240;-1.0;-1.0;-1.0;ACTIVE;SVN;-1;Slovenia;;;;;;;;
ISOCountryList;241;-1.0;-1.0;-1.0;ACTIVE;SLB;-1;Solomon Islands;;;;;;;;
ISOCountryList;242;-1.0;-1.0;-1.0;ACTIVE;SOM;-1;Somalia;;;;;;;;
ISOCountryList;243;-1.0;-1.0;-1.0;ACTIVE;ZAF;-1;South Africa;;;;;;;;
ISOCountryList;244;-1.0;-1.0;-1.0;ACTIVE;SGS;-1;South Georgia and the South Sandwich Islands;;;;;;;;
ISOCountryList;245;-1.0;-1.0;-1.0;ACTIVE;ESP;-1;Spain;;;;;;;;
ISOCountryList;246;-1.0;-1.0;-1.0;ACTIVE;LKA;-1;Sri Lanka;;;;;;;;
ISOCountryList;247;-1.0;-1.0;-1.0;ACTIVE;SDN;-1;Sudan;;;;;;;;
ISOCountryList;248;-1.0;-1.0;-1.0;ACTIVE;SUR;-1;Suriname;;;;;;;;
ISOCountryList;249;-1.0;-1.0;-1.0;ACTIVE;SJM;-1;Svalbard and Jan Mayen;;;;;;;;
ISOCountryList;250;-1.0;-1.0;-1.0;ACTIVE;SWZ;-1;Swaziland;;;;;;;;
ISOCountryList;251;-1.0;-1.0;-1.0;ACTIVE;SWE;-1;Sweden;;;;;;;;
ISOCountryList;252;-1.0;-1.0;-1.0;ACTIVE;CHE;-1;Switzerland;;;;;;;;
ISOCountryList;253;-1.0;-1.0;-1.0;ACTIVE;SYR;-1;Syrian Arab Republic;;;;;;;;
ISOCountryList;254;-1.0;-1.0;-1.0;ACTIVE;TWN;-1;Taiwan;;;;;;;;
ISOCountryList;255;-1.0;-1.0;-1.0;ACTIVE;TJK;-1;Tajikistan;;;;;;;;
ISOCountryList;256;-1.0;-1.0;-1.0;ACTIVE;TZA;-1;Tanzania, United Republic of;;;;;;;;
ISOCountryList;257;-1.0;-1.0;-1.0;ACTIVE;THA;-1;Thailand;;;;;;;;
ISOCountryList;258;-1.0;-1.0;-1.0;ACTIVE;TLS;-1;Timor-Leste;;;;;;;;
ISOCountryList;259;-1.0;-1.0;-1.0;ACTIVE;TGO;-1;Togo;;;;;;;;
ISOCountryList;260;-1.0;-1.0;-1.0;ACTIVE;TKL;-1;Tokelau;;;;;;;;
ISOCountryList;261;-1.0;-1.0;-1.0;ACTIVE;TON;-1;Tonga;;;;;;;;
ISOCountryList;262;-1.0;-1.0;-1.0;ACTIVE;TTO;-1;Trinidad and Tobago;;;;;;;;
ISOCountryList;263;-1.0;-1.0;-1.0;ACTIVE;TUN;-1;Tunisia;;;;;;;;
ISOCountryList;264;-1.0;-1.0;-1.0;ACTIVE;TUR;-1;Turkey;;;;;;;;
ISOCountryList;265;-1.0;-1.0;-1.0;ACTIVE;TKM;-1;Turkmenistan;;;;;;;;
ISOCountryList;266;-1.0;-1.0;-1.0;ACTIVE;TCA;-1;Turks and Caicos Islands;;;;;;;;
ISOCountryList;267;-1.0;-1.0;-1.0;ACTIVE;TUV;-1;Tuvalu;;;;;;;;
ISOCountryList;268;-1.0;-1.0;-1.0;ACTIVE;UGA;-1;Uganda;;;;;;;;
ISOCountryList;269;-1.0;-1.0;-1.0;ACTIVE;UKR;-1;Ukraine;;;;;;;;
ISOCountryList;270;-1.0;-1.0;-1.0;ACTIVE;ARE;-1;United Arab Emirates;;;;;;;;
ISOCountryList;271;-1.0;-1.0;-1.0;ACTIVE;GBR;-1;United Kingdom;;;;;;;;
ISOCountryList;272;-1.0;-1.0;-1.0;ACTIVE;USA;-1;United States;;;;;;;;
ISOCountryList;273;-1.0;-1.0;-1.0;ACTIVE;UMI;-1;United States Minor Outlying Islands;;;;;;;;
ISOCountryList;274;-1.0;-1.0;-1.0;ACTIVE;URY;-1;Uruguay;;;;;;;;
ISOCountryList;275;-1.0;-1.0;-1.0;ACTIVE;UZB;-1;Uzbekistan;;;;;;;;
ISOCountryList;276;-1.0;-1.0;-1.0;ACTIVE;VUT;-1;Vanuatu;;;;;;;;
ISOCountryList;277;-1.0;-1.0;-1.0;ACTIVE;VEN;-1;Venezuela, Bolivarian Republic of;;;;;;;;
ISOCountryList;278;-1.0;-1.0;-1.0;ACTIVE;VNM;-1;Viet Nam;;;;;;;;
ISOCountryList;279;-1.0;-1.0;-1.0;ACTIVE;VGB;-1;Virgin Islands, British;;;;;;;;
ISOCountryList;280;-1.0;-1.0;-1.0;ACTIVE;VIR;-1;Virgin Islands, U.S.;;;;;;;;
ISOCountryList;281;-1.0;-1.0;-1.0;ACTIVE;WLF;-1;Wallis and Futuna;;;;;;;;
ISOCountryList;282;-1.0;-1.0;-1.0;ACTIVE;ESH;-1;Western Sahara;;;;;;;;
ISOCountryList;283;-1.0;-1.0;-1.0;ACTIVE;YEM;-1;Yemen;;;;;;;;
ISOCountryList;284;-1.0;-1.0;-1.0;ACTIVE;ZMB;-1;Zambia;;;;;;;;
ISOCountryList;285;-1.0;-1.0;-1.0;ACTIVE;ZWE;-1;Zimbabwe;;;;;;;;
ISOCountryList;286;-1.0;-1.0;-1.0;ACTIVE;ALA;-1;Åland Islands;;;;;;;;
addressType;1;-1.0;-1.0;-1.0;ACTIVE;business;-1;Business;;;;;;;;
addressType;2;-1.0;-1.0;-1.0;ACTIVE;home;-1;Home;;;;;;;;
anos;741;-1.0;-1.0;-1.0;ACTIVE;;-1;2014;;;;2014;2014;;;
anos;742;-1.0;-1.0;-1.0;ACTIVE;;-1;2015;;;;2015;2015;;;
anos;743;-1.0;-1.0;-1.0;ACTIVE;;-1;2016;;;;2016;2016;;;
anos;744;-1.0;-1.0;-1.0;ACTIVE;;-1;2017;;;;2017;2017;;;
anos;745;-1.0;-1.0;-1.0;ACTIVE;;-1;2018;;;;2018;2018;;;
anos;746;-1.0;-1.0;-1.0;ACTIVE;;-1;2019;;;;2019;2019;;;
anos;747;-1.0;-1.0;-1.0;ACTIVE;;-1;2020;;;;2020;2020;;;
benchStrength;641;-1.0;-1.0;5.0;ACTIVE;null;-1;Emergency Replacement;Emergency Replacement;;Emergency Replacement;Emergency Replacement;Reposição Emergencial;Emergency Replacement;Emergency Replacement;
benchStrength;642;-1.0;-1.0;4.0;ACTIVE;null;-1;Ready Now;Ready Now;;Ready Now;Ready Now;Prontidão Imediata;Ready Now;Ready Now;
benchStrength;643;-1.0;-1.0;3.0;ACTIVE;null;-1;Short Term (up to 2 years);Short Term (up to 2 years);;Short Term (up to 2 years);Short Term (up to 2 years);Curto Prazo (Até 2 anos);Short Term (up to 2 years);Short Term (up to 2 years);
benchStrength;644;-1.0;-1.0;2.0;ACTIVE;null;-1;Medium Term (2-3 years);Medium Term (2-3 years);;Medium Term (2-3 years);Medium Term (2-3 years);Médio Prazo (de 2 a 3 anos);Medium Term (2-3 years);Medium Term (2-3 years);
benchStrength;645;-1.0;-1.0;1.0;ACTIVE;null;-1;Long Term (Above 4 years);Long Term (Above 4 years);;Long Term (Above 4 years);Long Term (Above 4 years);Longo Prazo (Acima de 4 anos);Long Term (Above 4 years);Long Term (Above 4 years);
competencias;701;-1.0;-1.0;-1.0;ACTIVE;null;-1;Change Management;;;;Change Management;Ação Integradora;;;
competencias;702;-1.0;-1.0;-1.0;ACTIVE;null;-1;External Orientation;;;;External Orientation;Ação Integradora;;;
competencias;703;-1.0;-1.0;-1.0;ACTIVE;null;-1;Integrated Action;;;;Integrated Action;Conhecimento específico da fun...;;;
competencias;704;-1.0;-1.0;-1.0;ACTIVE;null;-1;Integrating Action;;;;Integrating Action;Construção de Relacionamentos;;;
competencias;705;-1.0;-1.0;-1.0;ACTIVE;null;-1;Operational Management;;;;Operational Management;Gestão da Operação;;;
competencias;706;-1.0;-1.0;-1.0;ACTIVE;null;-1;Operations Management;;;;Operations Management;Gestão da Operação;;;
competencias;707;-1.0;-1.0;-1.0;ACTIVE;null;-1;People Management;;;;People Management;Gestão da Transformação;;;
competencias;708;-1.0;-1.0;-1.0;ACTIVE;null;-1;Relationship-Building;;;;Relationship-Building;Gestão da Transformação;;;
competencias;709;-1.0;-1.0;-1.0;ACTIVE;null;-1;Self-Management;;;;Self-Management;Gestão de Pessoas;;;
competencias;710;-1.0;-1.0;-1.0;ACTIVE;null;-1;Specific knowledge of the func...;;;;Specific knowledge of the func...;Gestão de Si;;;
competencias;711;-1.0;-1.0;-1.0;ACTIVE;null;-1;Strategic Management;;;;Strategic Management;Gestão Estratégica;;;
competencias;712;-1.0;-1.0;-1.0;ACTIVE;null;-1;Transformation Management;;;;Transformation Management;Orientação Externa;;;
coursetype;415;1.0;1.0;-1.0;ACTIVE;null;-1;Classroom;;;;Classroom;Presencial;;;
coursetype;416;2.0;2.0;-1.0;ACTIVE;null;-1;On-line;;;;On-line;On-line;;;
crencas;713;-1.0;-1.0;-1.0;ACTIVE;null;-1;Alliance;;;;Alliance;Aliança;;;
crencas;714;-1.0;-1.0;-1.0;ACTIVE;null;-1;Cultivating Talents;;;;Cultivating Talents;Cultivo de Talentos;;;
crencas;716;-1.0;-1.0;-1.0;ACTIVE;null;-1;Excellence;;;;Excellence;Excelência;;;
crencas;4901;-1.0;-1.0;-1.0;ACTIVE;null;-1;Job Performance;;;;Job Performance;Desempenho na Função;;;
crencas;4902;-1.0;-1.0;-1.0;ACTIVE;null;-1;Learning Agility;;;;Learning Agility;Agilidade de Aprendizagem;;;
crencas;717;-1.0;-1.0;-1.0;ACTIVE;null;-1;Meritocracy;;;;Meritocracy;Meritocracia;;;
crencas;715;-1.0;-1.0;-1.0;ACTIVE;null;-1;Open Dialogue;;;;Open Dialogue;Diálogo Aberto;;;
crencas;718;-1.0;-1.0;-1.0;ACTIVE;null;-1;Pragmatism;;;;Pragmatism;Pragmatismo;;;
crencas;719;-1.0;-1.0;-1.0;ACTIVE;null;-1;Sense of Ownership;;;;Sense of Ownership;Senso de dono;;;
degree;397;1.0;1.0;-1.0;ACTIVE;null;-1;High School/Technical School Diploma;;;;High School/Technical School Diploma;Ensino Fundamental;;;
degree;398;2.0;2.0;-1.0;ACTIVE;null;-1;College Diploma;;;;College Diploma;Ensino Médio;;;
degree;399;3.0;3.0;-1.0;ACTIVE;null;-1;College Post Graduate Certificate;;;;College Post Graduate Certificate;Tecnólogo;;;
degree;400;4.0;4.0;-1.0;ACTIVE;null;-1;University Undergraduate Degree;;;;University Undergraduate Degree;Formação Superior;;;
degree;401;5.0;5.0;-1.0;ACTIVE;null;-1;University Masters Degree;;;;University Masters Degree;Mestrado;;;
degree;402;6.0;6.0;-1.0;ACTIVE;null;-1;University PHD;;;;University PHD;Doutorado;;;
degree;403;7.0;7.0;-1.0;ACTIVE;null;-1;Other;;;;Other;Outra formação profissional;;;
degree;686;8.0;8.0;-1.0;DELETED;null;-1;---;;;;---;Outra formação profissional;;;
depositType;3;-1.0;-1.0;-1.0;ACTIVE;balance;-1;Balance;;;;;;;;
depositType;4;-1.0;-1.0;-1.0;ACTIVE;flat;-1;Flat Amount;;;;;;;;
depositType;5;-1.0;-1.0;-1.0;ACTIVE;percentage;-1;Percentage Amount;;;;;;;;
impactOfLoss;441;1.0;1.0;1.0;ACTIVE;;-1;Low;;;;Low;Baixo;;;
impactOfLoss;442;2.0;2.0;2.0;ACTIVE;;-1;Medium;;;;Medium;Médio;;;
impactOfLoss;443;3.0;3.0;3.0;ACTIVE;;-1;High;;;;High;Alto;;;
languages;341;-1.0;-1.0;-1.0;ACTIVE;null;-1;Afrikaner;;;;Afrikaner;Africânder;;;
languages;342;-1.0;-1.0;-1.0;ACTIVE;null;-1;Albanian;;;;Albanian;Albanês;;;
languages;344;-1.0;-1.0;-1.0;ACTIVE;null;-1;Arabic;;;;German;Árabe;;;
languages;345;-1.0;-1.0;-1.0;ACTIVE;null;-1;Azeri;;;;Arabic;Azeri;;;
languages;346;-1.0;-1.0;-1.0;ACTIVE;null;-1;Bangla;;;;Azeri;Bengalês;;;
languages;347;-1.0;-1.0;-1.0;ACTIVE;null;-1;Belarusian;;;;Bangla;Bielorusso;;;
languages;348;-1.0;-1.0;-1.0;ACTIVE;null;-1;Bulgarian;;;;Belarusian;Búlgaro;;;
languages;350;-1.0;-1.0;-1.0;ACTIVE;null;-1;Chinese (Cantonese);;;;Bulgarian;Chinês (cantonês);;;
languages;351;-1.0;-1.0;-1.0;ACTIVE;null;-1;Chinese (Mandarin);;;;Czech;Chinês (mandarim);;;
languages;353;-1.0;-1.0;-1.0;ACTIVE;null;-1;Croatian;;;;Chinese (Cantonese);Croata;;;
languages;349;-1.0;-1.0;-1.0;ACTIVE;null;-1;Czech;;;;Chinese (Mandarin);Checo;;;
languages;354;-1.0;-1.0;-1.0;ACTIVE;null;-1;Danish;;;;Korean;Dinamarquês;;;
languages;367;-1.0;-1.0;-1.0;ACTIVE;null;-1;Dutch;;;;Croatian;Holandês;;;
languages;370;-1.0;-1.0;-1.0;ACTIVE;null;-1;English;;;;Danish;Inglês;;;
languages;359;-1.0;-1.0;-1.0;ACTIVE;null;-1;Estonian;;;;Scottish;Estônio;;;
languages;360;-1.0;-1.0;-1.0;ACTIVE;null;-1;Farsi;;;;Slovak;Farsi;;;
languages;361;-1.0;-1.0;-1.0;ACTIVE;null;-1;Finnish;;;;Slovenian;Finlandês;;;
languages;362;-1.0;-1.0;-1.0;ACTIVE;null;-1;French;;;;Spanish;Francês;;;
languages;363;-1.0;-1.0;-1.0;ACTIVE;null;-1;Georgian;;;;Estonian;Georgiano;;;
languages;343;-1.0;-1.0;-1.0;ACTIVE;null;-1;German;;;;Farsi;Alemão;;;
languages;364;-1.0;-1.0;-1.0;ACTIVE;null;-1;Greek;;;;Finnish;Grego;;;
languages;365;-1.0;-1.0;-1.0;ACTIVE;null;-1;Hebrew;;;;French;Hebraico;;;
languages;366;-1.0;-1.0;-1.0;ACTIVE;null;-1;Hindi;;;;Georgian;Hindi;;;
languages;368;-1.0;-1.0;-1.0;ACTIVE;null;-1;Hungarian;;;;Greek;Húngaro;;;
languages;372;-1.0;-1.0;-1.0;ACTIVE;null;-1;Icelandic;;;;Hebrew;Islandês;;;
languages;369;-1.0;-1.0;-1.0;ACTIVE;null;-1;Indonesian;;;;Hindi;Indonésio;;;
languages;371;-1.0;-1.0;-1.0;ACTIVE;null;-1;Irish;;;;Dutch;Irlandês;;;
languages;373;-1.0;-1.0;-1.0;ACTIVE;null;-1;Italian;;;;Hungarian;Italiano;;;
languages;374;-1.0;-1.0;-1.0;ACTIVE;null;-1;Japanese;;;;Indonesian;Japonês;;;
languages;352;-1.0;-1.0;-1.0;ACTIVE;null;-1;Korean;;;;English;Coreano;;;
languages;375;-1.0;-1.0;-1.0;ACTIVE;null;-1;Lithuanian;;;;Irish;Lituano;;;
languages;376;-1.0;-1.0;-1.0;ACTIVE;null;-1;Macedonian;;;;Icelandic;Macedônio;;;
languages;377;-1.0;-1.0;-1.0;ACTIVE;null;-1;Malay;;;;Italian;Malaio;;;
languages;378;-1.0;-1.0;-1.0;ACTIVE;null;-1;Modern Arabic;;;;Japanese;Modern Árabe;;;
languages;379;-1.0;-1.0;-1.0;ACTIVE;null;-1;Mongolian;;;;Lithuanian;Mongol;;;
languages;380;-1.0;-1.0;-1.0;ACTIVE;null;-1;Nepali;;;;Macedonian;Nepalês;;;
languages;381;-1.0;-1.0;-1.0;ACTIVE;null;-1;Norwegian;;;;Malay;Norueguês;;;
languages;382;-1.0;-1.0;-1.0;ACTIVE;null;-1;Polish;;;;Modern Arabic;Polaco;;;
languages;383;-1.0;-1.0;-1.0;ACTIVE;null;-1;Portuguese;;;;Mongolian;Português;;;
languages;384;-1.0;-1.0;-1.0;ACTIVE;null;-1;Romanian;;;;Nepali;Romeno;;;
languages;385;-1.0;-1.0;-1.0;ACTIVE;null;-1;Russian;;;;Norwegian;Russo;;;
languages;355;-1.0;-1.0;-1.0;ACTIVE;null;-1;Scottish;;;;Polish;Escocês;;;
languages;386;-1.0;-1.0;-1.0;ACTIVE;null;-1;Serbian;;;;Portuguese;Sérvio;;;
languages;356;-1.0;-1.0;-1.0;ACTIVE;null;-1;Slovak;;;;Romanian;Eslovaco;;;
languages;357;-1.0;-1.0;-1.0;ACTIVE;null;-1;Slovenian;;;;Russian;Esloveno;;;
languages;358;-1.0;-1.0;-1.0;ACTIVE;null;-1;Spanish;;;;Serbian;Espanhol;;;
languages;388;-1.0;-1.0;-1.0;ACTIVE;null;-1;Swahili;;;;Swedish;Swahili;;;
languages;387;-1.0;-1.0;-1.0;ACTIVE;null;-1;Swedish;;;;Swahili;Sueco;;;
languages;389;-1.0;-1.0;-1.0;ACTIVE;null;-1;Thai;;;;Thai;Tailandês;;;
languages;390;-1.0;-1.0;-1.0;ACTIVE;null;-1;Tibetan;;;;Tibetan;Tibetano;;;
languages;391;-1.0;-1.0;-1.0;ACTIVE;null;-1;Turkish;;;;Turkish;Turco;;;
languages;392;-1.0;-1.0;-1.0;ACTIVE;null;-1;Ukrainian;;;;Ukrainian;Ucraniano;;;
languages;393;-1.0;-1.0;-1.0;ACTIVE;null;-1;Urdu;;;;Urdu;Urdu;;;
languages;394;-1.0;-1.0;-1.0;ACTIVE;null;-1;Uzbek;;;;Uzbek;Usbeque;;;
languages;395;-1.0;-1.0;-1.0;ACTIVE;null;-1;Vietnamese;;;;Vietnamese;Vietnamita;;;
languages;396;-1.0;-1.0;-1.0;ACTIVE;null;-1;Zulu;;;;Zulu;Zulu;;;
mobility;413;-1.0;-1.0;-1.0;ACTIVE;null;-1;No mobility;;;;No mobility;Atualmente sem mobilidade;;;
mobility;414;-1.0;-1.0;-1.0;ACTIVE;null;-1;Mobility within country;;;;Mobility within country;Mobilidade dentro do país;;;
mobility;687;-1.0;-1.0;-1.0;ACTIVE;null;-1;Mobility within region (VCNA/VCEAA/VCBR);;;;Mobility within region (VCNA/VCEAA/VCBR);Mobilidade dentro da região (VCNA/VCEAA/VCBR);;;
mobility;688;-1.0;-1.0;-1.0;ACTIVE;null;-1;International mobility (all regions);;;;International mobility (all regions);Mobilidade Internacional (em todas as regiões);;;
proficiency;406;1.0;1.0;-1.0;ACTIVE;null;-1;Basic;;;;Basic;Básico;;;
proficiency;407;2.0;2.0;-1.0;ACTIVE;null;-1;Intermediate;;;;Intermediate;Intermediário;;;
proficiency;408;3.0;3.0;-1.0;ACTIVE;null;-1;Advanced;;;;Advanced;Avançado;;;
proficiency;409;4.0;4.0;-1.0;ACTIVE;null;-1;Fluent;;;;Fluent;Fluente;;;
readiness;444;-1.0;-1.0;5.0;DELETED;null;-1;Emergency Replacement;Emergency Replacement;;Emergency Replacement;Emergency Replacement;Reposição Emergencial;Emergency Replacement;Emergency Replacement;
readiness;445;-1.0;-1.0;4.0;ACTIVE;null;-1;Ready Now;Ready Now;;Ready Now;Ready Now;Prontidão Imediata;Ready Now;Ready Now;
readiness;446;-1.0;-1.0;3.0;ACTIVE;null;-1;Short Term (up to 2 years);Short Term (up to 2 years);;Short Term (up to 2 years);Short Term (up to 2 years);Curto Prazo (Até 2 anos);Short Term (up to 2 years);Short Term (up to 2 years);
readiness;447;-1.0;-1.0;2.0;ACTIVE;null;-1;Medium Term (2-4 years);Medium Term (2-4 years);;Medium Term (2-4 years);Medium Term (2-4 years);Médio Prazo (de 2 a 4 anos);Medium Term (2-4 years);Medium Term (2-4 years);
readiness;448;-1.0;-1.0;1.0;ACTIVE;null;-1;Long Term (Above 4 years);Long Term (Above 4 years);;Long Term (Above 4 years);Long Term (Above 4 years);Longo Prazo (Acima de 4 anos);Long Term (Above 4 years);Long Term (Above 4 years);
restricao;684;-1.0;-1.0;-1.0;ACTIVE;;-1;Preferences;;;;Preferences;Preferências;;;
restricao;685;-1.0;-1.0;-1.0;ACTIVE;;-1;Restrictions;;;;Restrictions;Restrições;;;
riskOfLoss;438;1.0;1.0;1.0;ACTIVE;;-1;Low;;;;Low;Baixo;;;
riskOfLoss;439;2.0;2.0;2.0;ACTIVE;;-1;Medium;;;;Medium;Médio;;;
riskOfLoss;440;3.0;3.0;3.0;ACTIVE;;-1;High;;;;High;Alto;;;
situation;410;-1.0;-1.0;-1.0;ACTIVE;null;-1;Completed;;;;Completed;Concluído;;;
situation;411;-1.0;-1.0;-1.0;ACTIVE;null;-1;In Progress;;;;In Progress;Cursando;;;
situation;412;-1.0;-1.0;-1.0;ACTIVE;null;-1;---;;;;---;Interrompido;;;
talentPool;434;-1.0;-1.0;-1.0;ACTIVE;;-1;Yes;;;;Yes;Sim;;;
talentPool;435;-1.0;-1.0;-1.0;ACTIVE;;-1;No;;;;No;Não;;;
talentPool;436;-1.0;-1.0;-1.0;DELETED;;-1;Especialist;;;;Especialist;Profissional Especialista / Técnico;;;
talentPool;437;-1.0;-1.0;-1.0;DELETED;;-1;Retirement;;;;Retirement;Planejamento de Aposentadoria;;;
yesno;404;1.0;1.0;-1.0;ACTIVE;null;-1;Yes;;;;Yes;Sim;;;
yesno;405;2.0;2.0;-1.0;ACTIVE;null;-1;No;;;;No;Não;;;
